measure,t_stat,p_value,n
avg_fix_dur,-3.1593888643838515,0.010169361408075837,11
avg_velocity,0.25610927313203546,0.8030578927772536,11
